{
  "cameraViews": [
    {
      "position": {
        "x": -15.76284922212239,
        "y": 1.0159644669894328,
        "z": 13.011499976526629,
        "isVector3": true
      },
      "target": {
        "x": 0,
        "y": 0,
        "z": 0,
        "isVector3": true
      },
      "quaternion": {
        "x": -0.02246129825647558,
        "y": -0.4261366478885601,
        "z": -0.010584310490960853,
        "w": 0.9043179859863266,
        "isQuaternion": true
      },
      "up": {
        "x": 0.038286329384958656,
        "y": 0.9987669249041292,
        "z": -0.031603586818208816,
        "isVector3": true
      },
      "name": "#view2",
      "serializableClassId": "CameraView"
    },
    {
      "position": {
        "x": -4.042126613547253,
        "y": -12.49276658632137,
        "z": -7.9603975778224685,
        "isVector3": true
      },
      "target": {
        "x": 1.2446004341245211,
        "y": -0.532302535367328,
        "z": -1.1803875217329776,
        "isVector3": true
      },
      "quaternion": {
        "x": -0.1483335054437722,
        "y": 0.8415112804412171,
        "z": -0.4314595192076659,
        "w": -0.28930713668700814,
        "isQuaternion": true
      },
      "up": {
        "x": -0.499297272393292,
        "y": 0.5836797088957044,
        "z": -0.6403282214646209,
        "isVector3": true
      },
      "name": "#view4",
      "serializableClassId": "CameraView"
    },
    {
      "position": {
        "x": 3.1956521795136155,
        "y": 8.369551445252517,
        "z": -0.033690863825679256,
        "isVector3": true
      },
      "target": {
        "x": 0.6797544718700765,
        "y": -0.11654684095282934,
        "z": -0.06881592125697988,
        "isVector3": true
      },
      "quaternion": {
        "x": -0.42308819718245866,
        "y": 0.5648167530564931,
        "z": 0.41742244804507933,
        "w": 0.5724831113139237,
        "isQuaternion": true
      },
      "up": {
        "x": -0.9558692071564868,
        "y": 0.29350975454590006,
        "z": -0.012887311450996756,
        "isVector3": true
      },
      "name": "#view8",
      "serializableClassId": "CameraView"
    },
    {
      "position": {
        "x": -1.5696722062869426,
        "y": -8.203664957915768,
        "z": -5.456267963899455,
        "isVector3": true
      },
      "target": {
        "x": 1.7349093537688407,
        "y": -0.7275799044433746,
        "z": -1.2182224913388153,
        "isVector3": true
      },
      "quaternion": {
        "x": -0.1483310430597128,
        "y": 0.841513828213304,
        "z": -0.43145681270965036,
        "w": -0.2893050247697699,
        "isQuaternion": true
      },
      "up": {
        "x": -0.49929049555220545,
        "y": 0.5836858408624946,
        "z": -0.6403279161709847,
        "isVector3": true
      },
      "name": "#view9",
      "serializableClassId": "CameraView"
    },
    {
      "position": {
        "x": -1.0095490874193271,
        "y": -7.537247879842828,
        "z": -3.6269163378149782,
        "isVector3": true
      },
      "target": {
        "x": 1.1807459727064957,
        "y": -0.22298499828434895,
        "z": -0.28588110594114896,
        "isVector3": true
      },
      "quaternion": {
        "x": -0.1459679733686052,
        "y": 0.8240967157280444,
        "z": -0.4888948951705523,
        "w": -0.24604823785812308,
        "isQuaternion": true
      },
      "up": {
        "x": -0.4811669098181849,
        "y": 0.4793502644536738,
        "z": -0.7339630296303841,
        "isVector3": true
      },
      "name": "#view11",
      "serializableClassId": "CameraView"
    }
  ],
  "viewLooping": false,
  "viewPauseTime": 200,
  "animEase": "easeInOutSine",
  "animDuration": 1000,
  "rotationOffset": 0.25,
  "interpolateMode": "spherical",
  "seekOnScroll": false,
  "type": "CameraViews",
  "resources": {
    "geometries": {},
    "materials": {},
    "textures": {},
    "images": {},
    "shapes": {},
    "skeletons": {},
    "animations": {},
    "extras": {}
  }
}